Workbook

Sheet Instructions
B2: Veeam Kasten Maturity Self-Assessment
B3: A companion scorecard to the Kasten Maturity Model & Day-2 Operating Guide
B6: How to use this workbook
B7: 1. Open the 'Self-Assessment' tab. For each of the seven dimensions, read the five level descriptors (drawn directly from the
B8: Kasten Maturity Model guide, Section 2.3) and decide which best matches your current environment.
B9: 2. Enter a number from 1-5 in the 'Current Level' column (yellow cells) for each dimension. A dropdown list is provided.
B10: 3. Enter a number from 1-5 in the 'Target Level' column for where you intend to be by your next review cycle.
B11: 4. Use the 'Notes / Action Items' column to record what needs to happen to close the gap.
B12: 5. Open the 'Summary' tab to see your overall maturity score and a chart comparing current vs. target level by dimension.
B13: 6. Open the 'Recommendations' tab. For each dimension, it automatically shows the single next recommended action based on
B14: your Current Level, plus a full library of recommended actions for every level transition as a standing reference.
B15: 7. Reassess at least annually, or after any significant change (new regulatory requirement, fleet growth, incident, or DR drill).
... B24: White / grey cells = reference content — do not need to be edited

Sheet Self-Assessment
A1: Dimension | B1: Level 1 — Ad Hoc | C1: Level 2 — Foundational | D1: Level 3 — Managed | E1: Level 4 — Resilient | F1: Level 5 — Adaptive | G1: Current Level (1-5) | H1: Target Level (1-5) | I1: Notes / Action Items
A2: Coverage & Policy Automation | B2: Manual, one-off backups on a single cluster. No policy exists; workloads can be unprotected without anyone noticing. | C2: Scheduled backup policies with defined retention. Workload selection still largely manual. | D2: Policies driven by namespace or label selectors; new workloads automatically protected. Backup windows and staggering configured. | E2: Full fleet coverage validated against inventory; policy presets standardize configuration by workload tier. | F2: New applications and business units onboarded with zero manual backup configuration; automation continuously tuned.
A3: Application Consistency | B3: Crash-consistent snapshots only. No Kanister Blueprints in use. | C3: Awareness of which workloads need application-aware handling, but Blueprints not yet broadly applied. | D3: Kanister Blueprints applied to key data services (PostgreSQL, MongoDB, MySQL, etc.) via Blueprint Bindings. | E3: Application-consistent backup is the default for all stateful workloads; validated end-to-end via test restores. | F3: Blueprint library actively maintained and extended in-house; new application types onboarded with custom Blueprints.
A4: Storage, Immutability & Security | B4: Snapshots remain local to the storage device. No offsite export, no immutability, no encryption strategy. | C4: Exports flow to at least one offsite Location Profile (object storage, Veeam Vault, or VBR repository). Encrypted in transit/at rest. | D4: Multiple Location Profiles in use; immutability enforced fleet-wide; backup credentials separated from cluster credentials. | E4: Immutability enforced everywhere; BYOK/CMEK used where supported; storage lifecycle policies manage cost. | F4: Backup patterns monitored for anomalies via SIEM integration; storage cost continuously optimized via FinOps practices.
A5: Centralized Management & Multi-Cluster | B5: A single K10 instance on a single cluster. No Multi-Cluster Manager, no global policy concept. | C5: Still single-cluster; each K10 instance configured and operated independently. | D5: Multi-Cluster Manager (MCM) deployed; Global Policies and Global Profiles distribute consistent configuration. | E5: Full multi-cluster fleet, including edge/air-gapped sites, centrally governed with local caching where needed. | F5: Namespace-scoped self-service restore lets application teams recover their own workloads within RBAC boundaries.
A6: Disaster Recovery | B6: No disaster recovery plan. Recovery, if attempted, is improvised. | C6: Export-only DR: rebuild the cluster, reinstall Kasten, and restore from exports. | D6: DR environment with an Import Policy: restore points regularly imported into a standby catalog, visible but not running. | E6: KDR enabled; DR topology (cold/warm standby) matched to workload tier RTO/RPO; drills scheduled. | F6: DR validated through regular automated game-day exercises; RTO/RPO continuously measured against business requirements.
A7: Observability, Compliance & Reporting | B7: No monitoring of job success or failure. No compliance evidence exists. | C7: Dashboard reviewed periodically. No external alerting integration yet. | D7: Metrics exported to Grafana/Datadog/Thanos-class tooling; alerts on failed jobs or RPO breaches; coverage audits. | E7: Compliance reporting operational (SOC 2, PCI-DSS, HIPAA); backup coverage tracked as a fleet governance metric. | F7: Real-time compliance dashboards; licensing/entitlement tracked proactively; annual architecture review.
A8: People, Process & Continuous Validation | B8: No documented runbook. No restore has ever been tested. | C8: Backup owner identified. First restore test performed and passed on a non-critical workload. | D8: Policies and architecture documented. Recurring review cadence emerging; more than one person can operate the environment. | E8: Recovery testing scheduled (quarterly+), documented with actual recovery times against RTO targets; runbooks kept current. | F8: Continuous improvement loop: findings from every drill/incident feed back into policy, architecture, and training.

Sheet Summary
A1: Maturity Summary
A3: Dimension | B3: Current Level | C3: Target Level | D3: Gap | E3: Reference: Level 1 → 5 descriptor (short)
A4: Coverage & Policy Automation | B4: ='Self-Assessment'!G2 -> 0 | C4: ='Self-Assessment'!H2 -> 0 | D4: =IF(AND(B4<>"",C4<>""),C4-B4,"") | E4: Manual → automatic, zero-touch policy coverage
A5: Application Consistency | B5: ='Self-Assessment'!G3 -> 0 | C5: ='Self-Assessment'!H3 -> 0 | D5: =IF(AND(B5<>"",C5<>""),C5-B5,"") | E5: Crash-consistent → in-house Blueprint library
A6: Storage, Immutability & Security | B6: ='Self-Assessment'!G4 -> 0 | C6: ='Self-Assessment'!H4 -> 0 | D6: =IF(AND(B6<>"",C6<>""),C6-B6,"") | E6: Local, no copy → SIEM-monitored, FinOps-optimized
A7: Centralized Management & Multi-Cluster | B7: ='Self-Assessment'!G5 -> 0 | C7: ='Self-Assessment'!H5 -> 0 | D7: =IF(AND(B7<>"",C7<>""),C7-B7,"") | E7: Single cluster → self-service, namespace-scoped restore
A8: Disaster Recovery | B8: ='Self-Assessment'!G6 -> 0 | C8: ='Self-Assessment'!H6 -> 0 | D8: =IF(AND(B8<>"",C8<>""),C8-B8,"") | E8: No plan → automated, continuously benchmarked DR
A9: Observability, Compliance & Reporting | B9: ='Self-Assessment'!G7 -> 0 | C9: ='Self-Assessment'!H7 -> 0 | D9: =IF(AND(B9<>"",C9<>""),C9-B9,"") | E9: No monitoring → real-time compliance dashboards
A10: People, Process & Continuous Validation | B10: ='Self-Assessment'!G8 -> 0 | C10: ='Self-Assessment'!H8 -> 0 | D10: =IF(AND(B10<>"",C10<>""),C10-B10,"") | E10: No runbook → continuous improvement loop
A12: Overall average | B12: =IFERROR(AVERAGE(B4:B10),"") -> 0 | C12: =IFERROR(AVERAGE(C4:C10),"") -> 0
A14: Prioritize dimensions with the largest gap first — they represent the biggest single-step reduction in operational risk.

Sheet Recommendations
A1: Recommended Actions
A2: Automatically shows the next recommended action for each dimension, based on your Current Level on the Self-Assessment tab.
A4: Dimension | B4: Current Level | C4: Target Level | D4: Gap | E4: Priority | F4: Recommended Next Step
A5: Coverage & Policy Automation | B5: ='Self-Assessment'!G2 -> 0 | C5: ='Self-Assessment'!H2 -> 0 | D5: =IF(AND(B5<>"",C5<>""),C5-B5,"") | E5: =IF(D5="","",IF(D5<=0,"On track",IF(D5>=2,"High","Medium"))) | F5: =IF(B5="","Enter your Current Level on the Self-Assessment tab first.",IF(B5>=5,"Already at Level 5 — focus on sustaining and continuously improving current practices.",IFERROR(INDEX($F$17:$F$44,MATCH(A5&"|"&B5,$H$17:$H$44,0)),"No recommendation found."))) -> Enter your Current Level on the Self-Assessment tab first.
A6: Application Consistency | B6: ='Self-Assessment'!G3 -> 0 | C6: ='Self-Assessment'!H3 -> 0 | D6: =IF(AND(B6<>"",C6<>""),C6-B6,"") | E6: =IF(D6="","",IF(D6<=0,"On track",IF(D6>=2,"High","Medium"))) | F6: =IF(B6="","Enter your Current Level on the Self-Assessment tab first.",IF(B6>=5,"Already at Level 5 — focus on sustaining and continuously improving current practices.",IFERROR(INDEX($F$17:$F$44,MATCH(A6&"|"&B6,$H$17:$H$44,0)),"No recommendation found."))) -> Enter your Current Level on the Self-Assessment tab first.
A7: Storage, Immutability & Security | B7: ='Self-Assessment'!G4 -> 0 | C7: ='Self-Assessment'!H4 -> 0 | D7: =IF(AND(B7<>"",C7<>""),C7-B7,"") | E7: =IF(D7="","",IF(D7<=0,"On track",IF(D7>=2,"High","Medium"))) | F7: =IF(B7="","Enter your Current Level on the Self-Assessment tab first.",IF(B7>=5,"Already at Level 5 — focus on sustaining and continuously improving current practices.",IFERROR(INDEX($F$17:$F$44,MATCH(A7&"|"&B7,$H$17:$H$44,0)),"No recommendation found."))) -> Enter your Current Level on the Self-Assessment tab first.
A8: Centralized Management & Multi-Cluster | B8: ='Self-Assessment'!G5 -> 0 | C8: ='Self-Assessment'!H5 -> 0 | D8: =IF(AND(B8<>"",C8<>""),C8-B8,"") | E8: =IF(D8="","",IF(D8<=0,"On track",IF(D8>=2,"High","Medium"))) | F8: =IF(B8="","Enter your Current Level on the Self-Assessment tab first.",IF(B8>=5,"Already at Level 5 — focus on sustaining and continuously improving current practices.",IFERROR(INDEX($F$17:$F$44,MATCH(A8&"|"&B8,$H$17:$H$44,0)),"No recommendation found."))) -> Enter your Current Level on the Self-Assessment tab first.
A9: Disaster Recovery | B9: ='Self-Assessment'!G6 -> 0 | C9: ='Self-Assessment'!H6 -> 0 | D9: =IF(AND(B9<>"",C9<>""),C9-B9,"") | E9: =IF(D9="","",IF(D9<=0,"On track",IF(D9>=2,"High","Medium"))) | F9: =IF(B9="","Enter your Current Level on the Self-Assessment tab first.",IF(B9>=5,"Already at Level 5 — focus on sustaining and continuously improving current practices.",IFERROR(INDEX($F$17:$F$44,MATCH(A9&"|"&B9,$H$17:$H$44,0)),"No recommendation found."))) -> Enter your Current Level on the Self-Assessment tab first.
A10: Observability, Compliance & Reporting | B10: ='Self-Assessment'!G7 -> 0 | C10: ='Self-Assessment'!H7 -> 0 | D10: =IF(AND(B10<>"",C10<>""),C10-B10,"") | E10: =IF(D10="","",IF(D10<=0,"On track",IF(D10>=2,"High","Medium"))) | F10: =IF(B10="","Enter your Current Level on the Self-Assessment tab first.",IF(B10>=5,"Already at Level 5 — focus on sustaining and continuously improving current practices.",IFERROR(INDEX($F$17:$F$44,MATCH(A10&"|"&B10,$H$17:$H$44,0)),"No recommendation found."))) -> Enter your Current Level on the Self-Assessment tab first.
A11: People, Process & Continuous Validation | B11: ='Self-Assessment'!G8 -> 0 | C11: ='Self-Assessment'!H8 -> 0 | D11: =IF(AND(B11<>"",C11<>""),C11-B11,"") | E11: =IF(D11="","",IF(D11<=0,"On track",IF(D11>=2,"High","Medium"))) | F11: =IF(B11="","Enter your Current Level on the Self-Assessment tab first.",IF(B11>=5,"Already at Level 5 — focus on sustaining and continuously improving current practices.",IFERROR(INDEX($F$17:$F$44,MATCH(A11&"|"&B11,$H$17:$H$44,0)),"No recommendation found."))) -> Enter your Current Level on the Self-Assessment tab first.
A15: Full Recommendation Library (reference — every level transition, all dimensions)
A16: Dimension | B16: Transition | F16: Recommended Action
A17: Coverage & Policy Automation | B17: 1 → 2 | F17: Move from manual, one-off backups to scheduled policies with defined retention (e.g., 1 daily / 4 weekly / 3 monthly) covering every critical namespace. | H17: Coverage & Policy Automation|1
A18: Coverage & Policy Automation | B18: 2 → 3 | F18: Replace manual workload selection with namespace- or label-based policy selectors so new workloads are automatically covered; define backup windows and stagger jobs to avoid contention. | H18: Coverage & Policy Automation|2
A19: Coverage & Policy Automation | B19: 3 → 4 | F19: Run a full coverage audit against your workload inventory; standardize policy presets and global resources by workload tier (production / non-production / edge). | H19: Coverage & Policy Automation|3
A20: Coverage & Policy Automation | B20: 4 → 5 | F20: Automate onboarding so new applications and business units are covered with zero manual backup configuration; review and tune policy automation on a recurring cadence. | H20: Coverage & Policy Automation|4
A21: Application Consistency | B21: 1 → 2 | F21: Identify which workloads run databases or other stateful services that need application-aware handling, and document the gap even where Blueprints are not yet applied. | H21: Application Consistency|1
A22: Application Consistency | B22: 2 → 3 | F22: Deploy Kanister Blueprints for key data services (PostgreSQL, MongoDB, MySQL, etc.) via Blueprint Bindings, and validate each with a test restore. | H22: Application Consistency|2
A23: Application Consistency | B23: 3 → 4 | F23: Make application-consistent backup the default for all stateful workloads; validate every Blueprint end-to-end (backup and restore), not just backup success. | H23: Application Consistency|3
A24: Application Consistency | B24: 4 → 5 | F24: Build an in-house Blueprint library and assign clear ownership for maintaining and extending it as new application types are adopted. | H24: Application Consistency|4
A25: Storage, Immutability & Security | B25: 1 → 2 | F25: Configure at least one offsite Location Profile (object storage, Veeam Vault, or VBR repository) and confirm encryption is enabled in transit and at rest. | H25: Storage, Immutability & Security|1
A26: Storage, Immutability & Security | B26: 2 → 3 | F26: Add further Location Profiles and enforce immutability (Object Lock or equivalent) fleet-wide; separate backup storage credentials from cluster credentials. | H26: Storage, Immutability & Security|2
A27: Storage, Immutability & Security | B27: 3 → 4 | F27: Adopt customer-managed encryption keys (BYOK/CMEK) where supported, and implement object storage lifecycle policies to manage cost. | H27: Storage, Immutability & Security|3
A28: Storage, Immutability & Security | B28: 4 → 5 | F28: Integrate backup telemetry with SIEM to detect anomalous size or deletion patterns, and adopt FinOps practices to continuously optimize storage cost. | H28: Storage, Immutability & Security|4
... A44: People, Process & Continuous Validation | B44: 4 → 5 | F44: Establish a continuous improvement loop where findings from every drill or incident feed back into policy, architecture, and training; reassess maturity annually. | H44: People, Process & Continuous Validation|4
